rainfall,soil_moisture,slope_angle,vibration,landslide_occurred
74.90802376947249,0.18513292883861965,11.776755768115768,0.336351497104449,0
190.14286128198324,0.5419009473783581,11.114045958239991,0.39834069859568616,0
146.398788362281,0.8729458358764083,40.78145612344665,0.1252339493962495,0
119.73169683940732,0.7322248864095612,11.229578993227774,0.31243704980349946,0
31.203728088487303,0.8065611478614497,12.237737675788395,0.28587299157187435,0
31.19890406724053,0.6587833667107174,34.17292180880837,0.41641518839413555,0
11.616722433639893,0.6922765645178525,20.2382929102743,0.45304353024063027,0
173.23522915498702,0.8491956515653193,34.95197506298315,0.006078385738693404,0
120.22300234864176,0.24966800885918594,2.9414770903973357,0.33700995952939633,0
141.6145155592091,0.4894249636431405,21.940703715302295,0.02591789955986451,0
4.116898859160489,0.22120944181960223,1.5126120082477184,0.27442933253867796,0
193.98197043239887,0.987668007996647,2.8193941554909534,0.1438163645218391,0
166.48852816008434,0.9440593396866133,40.78968540049849,0.1533882997610706,0
42.46782213565523,0.0394268113685059,6.266041700291782,0.1764792517261783,0
36.364993441420125,0.7055751725156885,23.95893070238477,0.31064622452480506,0
36.68090197068676,0.9252483174156658,18.499302117031796,0.1670249828343846,0
60.84844859190754,0.18057534512733353,15.63044968164792,0.3663495252951402,0
104.95128632644757,0.5679452305526295,40.49250055592726,0.20226369278693485,0
86.38900372842315,0.9154882975880418,0.9820528548970275,0.03417660015497931,0
58.245828039608384,0.03394597858579884,29.87053587790151,0.3918799212420536,0
122.3705789444759,0.6974202672468399,43.35274953960977,0.142879162296353,0
27.898772130408368,0.29734900737255077,25.20756825578289,0.21638343979963132,0
58.42892970704363,0.9243961953765304,42.157010791489135,0.34272194161095076,0
73.27236865873834,0.9710582451653678,2.3516045678710693,0.166228078574356,0
91.21399684340719,0.9442664891134339,18.845699358337264,0.028292828073357812,0
157.03519227860272,0.47421421665746377,11.707100593292303,0.1869605235064068,0
39.93475643167195,0.8620426509893134,32.88694342413284,0.4722242913471517,0
102.84688768272233,0.8445493985350704,44.158369072376104,0.3208671986492791,1
118.4829137724085,0.31910047324325563,11.54385280999115,0.33573957433360346,0
9.290082543999546,0.8289154741506773,29.43785706633335,0.3161410768188199,0
121.50897038028768,0.03700763471549262,8.914393474188305,0.0994960694797184,0
34.10482473745831,0.596269878482053,25.439861455722447,0.20916693205114006,0
13.010318597055903,0.23000883728770305,20.87696190097513,0.37546989918165913,0
189.77710745066665,0.12056688577727881,43.74023983341917,0.050686448776579573,0
193.12640661491187,0.07695320162920916,27.383727271340994,0.13892638804485613,0
161.67946962329222,0.6962887758781398,15.727786743906846,0.1381595542329268,0
60.92275383467414,0.33987496376806614,5.1343103199570015,0.216009463797253,0
19.534422801276776,0.7247667715287615,6.806107293072055,0.49018437047109253,0
136.84660530243139,0.06535634079894237,10.13926184780558,0.03375127334191097,0
88.03049874792026,0.31529033783061033,11.29349976031341,0.2593504971902975,0
24.407646968955767,0.5394912923753372,38.2777226028512,0.08968234100610523,0
99.03538202225404,0.7907231648389635,25.255025472713623,0.48533827270487206,0
6.877704223043679,0.3187525029320699,23.55259101184649,0.0566517523637321,0
181.8640804157564,0.6258913764370091,5.164599234114786,0.20180050118079562,0
51.75599632000338,0.8859777482361871,38.70628620072458,0.3689424924173031,0
132.5044568707964,0.6158631881823046,32.526643644381764,0.35227721401372264,0
62.34221521788219,0.23295947475363377,3.0450762855000715,0.21136431844696613,0
104.01360423556216,0.02440078155653802,31.85257937533959,0.17326208397635912,0
109.34205586865593,0.8700988739009299,24.459219780419073,0.19880618927643529,0
36.97089110510541,0.021269410850387138,3.6776405586050216,0.13213813157931964,0
193.91692555291172,0.8747016726841994,20.623528868789542,0.1026664693533999,0
155.02656467222292,0.528937134027212,21.811332920852113,0.241519848779445,0
187.8997883128378,0.9390676985128962,7.459854307347409,0.13426687803380366,0
178.96547008552977,0.7987832357736654,42.55641661501271,0.14373083244862506,0
119.57999576221702,0.9979341105333375,38.248891716629785,0.32837803173727853,1
184.37484700462338,0.35071181545171015,30.106005179809873,0.4842686658499461,0
17.6985004103839,0.7671882889311269,20.803300245027323,0.30181860027968754,0
39.19657248382904,0.40193091360924216,18.52944937130288,0.03848973353248314,0
9.045457782107613,0.47987562030390885,29.29380602179294,0.03779180692703349,0
65.06606615265287,0.6275054632183701,24.544434123310747,0.475711610422783,0
77.7354579378964,0.8736771141863388,2.802289764684853,0.14864539515366681,0
54.269806354779185,0.9840834691992951,23.062619194664926,0.046033493041237716,0
165.74750183038586,0.7682734138645182,36.28816277547778,0.2995222935751908,1
71.35066533871786,0.41776678216733376,20.665794491863114,0.31182438914513305,0
56.18690193747615,0.4213570022770702,2.3380459899420787,0.3242524100593441,0
108.5392166316497,0.7375823015888915,35.38251897228149,0.13370101392877065,0
28.184844994952527,0.23877714576830233,9.061370196118848,0.007555342107237517,0
160.43939615080794,0.11047411313139466,11.637937569961744,0.48250768472723593,0
14.910128735954164,0.35462215764077654,7.411785904453315,0.12544652284555124,0
197.37738732010345,0.28723899165408173,14.85967791921739,0.33801314402627375,0
154.44895385933148,0.2963081204559901,34.053817755988575,0.3533149349393548,0
39.74313630683448,0.23360775104990994,23.372363677677182,0.30500370853974285,0
1.1044234247204798,0.04209318963636188,9.219657336782065,0.1564536971068241,0
163.09228569096683,0.01787393473341381,39.502353516841836,0.13554812688203288,0
141.37146876952343,0.9877223897360315,39.581183472818815,0.29883414135135156,1
145.80143360819747,0.42777313373586234,39.17602912707031,0.43304781680584575,0
154.25406933718915,0.3843266471596817,10.745829512169268,0.4733668644616978,0
14.808930346818073,0.6796472826930698,20.305770488144464,0.052952902201878815,0
71.69314570885452,0.21825388786506417,44.32453452633938,0.07741430629885993,0
23.173811905025943,0.9499611839502253,34.740561433949566,0.4723681293915398,0
172.6206851751187,0.786345014415552,1.2225339551501917,0.3682676141673963,0
124.65962536551159,0.08941100231225951,2.9342066067221424,0.44149691241488653,0
66.17960497052984,0.41758077578492836,20.876911956554974,0.10131631706767158,0
12.711670057204728,0.8791183075621647,40.914909263770205,0.29379293555470093,0
62.19646434313244,0.9447320222914103,24.24158090787214,0.3505697972087368,0
65.03666440534941,0.4674015112498697,22.40156286154306,0.3400559427234863,0
145.92123566761282,0.6134113892107077,4.746316498048376,0.20407584543334906,0
127.51149427104262,0.16703394609207523,29.55510471259323,0.007697445845654238,0
177.44254851526532,0.9911686261369765,36.99464222701015,0.29146302840213156,1
94.44298503238986,0.2316717013834434,17.118900337840305,0.12655076958980438,0
23.918849187660342,0.9427317741351257,34.902533291639735,0.22512712307144517,0
142.648957444599,0.6496466489923685,43.40144942553652,0.47879050754190866,0
152.15700972337947,0.6077367948788591,9.169490660746009,0.19951765882121736,0
112.25543951389925,0.5126885110165086,23.54983340376336,0.41990080333221336,0
154.1934359909122,0.2306698117177587,12.9212081138059,0.09427030287462557,0
98.75911927287815,0.17652803200550826,35.67844885652277,0.3362302490125144,0
104.54656587639882,0.22048620907017535,25.99170146465209,0.48850347721947174,0
85.50820367170992,0.18643826214425452,28.55620878976367,0.050946550436468396,0
5.083825348819038,0.7795844735667533,35.906137182715234,0.004159971113596006,0
21.57828539866089,0.3501252591667301,17.81867126981047,0.21679139631630717,0
6.28583713734685,0.05784267656339637,41.17905307831695,0.0463127415256836,0
127.28208225275608,0.9691026301408113,23.9862990260763,0.3741921748381157,0
62.871196215265336,0.8837858849634257,7.107967027590661,0.45727433192427946,0
101.71413823294056,0.927752283195213,31.31546031759611,0.21701048635437942,1
181.5132947852186,0.9949078226464353,35.69676076972145,0.12935582107772048,0
49.858445829774986,0.1738952492194873,14.254275468038701,0.2172016595033049,0
82.07658460712595,0.39624201890265875,38.573066564943886,0.3617239089250005,0
151.11022770860973,0.7582384757040913,40.77644646445949,0.004527080790185489,0
45.75963309832449,0.6960206180537922,12.460701932001403,0.2947269947423486,0
15.395981965758597,0.15389590633985506,44.25846627218499,0.30664584244368953,0
57.9502905827536,0.8158331249906178,6.332018762194129,0.31884412344796775,0
32.24425745080089,0.22444057183666066,9.090705078112048,0.1210110399904386,0
185.93953046851462,0.22381761482262308,8.290117765711177,0.3570263616890634,0
161.6240759128834,0.5369744228934136,40.229536950354166,0.0456957431658882,0
126.68075130208469,0.5929399348417032,29.443164854623284,0.0996351682334004,0
174.29211803754353,0.5800862078378112,6.84469274500228,0.43873502332724096,0
160.7344153798229,0.09148683739775487,19.814553826575704,0.3693615753632832,0
37.31401177720717,0.8774608626303804,27.68841112814109,0.006872777005672626,0
178.51179969799554,0.26560004258870606,3.755883824522248,0.1241881301849001,0
107.86844838313014,0.12951492128280417,39.708736578330246,0.10720324149658228,0
161.4880310328125,0.8887480798689772,36.16215909486908,0.1354031640184863,0
179.21825998469865,0.9556514982297534,22.73430481094872,0.1237798851399432,0
63.60069499437277,0.8621276172654506,43.52069768666267,0.03126314787142287,0
22.010384905535354,0.8095160747248781,18.799244067379487,0.22947025829841017,0
45.58703250838833,0.6552419806390217,44.284964356642405,0.36636673739308256,0
85.42155772525126,0.5508573706091393,30.056399946163218,0.3033658623587182,0
163.60295318449863,0.08698675991141014,28.560207296427365,0.3364358342990399,0
172.1461166512687,0.4084532130706987,7.467970288310325,0.040574589268119576,0
1.3904261062381407,0.372688517012314,39.68674912370898,0.4757453550883936,0
102.14946051551314,0.2597537837603262,19.237035956427682,0.4192459169215124,0
83.4822006297558,0.7234201136885849,7.300503260211571,0.40254515924783135,0
44.42156209414605,0.4958757350787708,0.5673383989091568,0.41149190252088375,0
23.97307346673656,0.08104621590764793,25.189005763727216,0.4663552540663807,0
67.5230342807256,0.22018320194981134,23.732982995520434,0.27212698305684885,0
188.58194078250384,0.6832587636595959,32.370913006612135,0.10014100893381295,0
64.64058640415105,0.07613085949030018,40.0616123858011,0.3083918039262706,0
103.75812434867322,0.8512069140487687,3.5732963089363285,0.3714407468339695,0
140.60379177903556,0.4951465270139743,32.917342065316305,0.3689586966770127,0
72.7259204758588,0.480586577326648,8.4335374843912,0.26072451208344005,0
194.35641654419214,0.5924077846595176,38.61796739207238,0.03422935966678903,0
192.48945898842226,0.8246809659251492,36.85785812377453,0.1855564692150639,0
50.356459165072835,0.34780920790219305,24.335718974349497,0.46038330423167867,0
99.44970117847708,0.6780161525590636,31.96092593804902,0.292224454878713,0
60.17566196335393,0.5657319639957911,14.145755093268678,0.2691659716278567,0
56.968098875493524,0.2670282701694213,21.202555451976657,0.13442675719109676,0
7.377389470906559,0.878629986355158,36.973660396971226,0.18422445995828945,0
121.91286679597937,0.7974260216069281,20.666933872794626,0.44767304457658463,0
100.5358046457723,0.6584518346584255,16.10092193964488,0.33323152376341786,0
10.29575024999787,0.8505817290942419,22.239560126263495,0.3936935133761664,0
55.729292847322284,0.8672942009598024,37.271216359674824,0.22717271153382756,0
181.65317719333075,0.7083629767150348,15.084362131689273,0.31512360972807896,0
47.91237813339448,0.837013328363672,7.8192716911084705,0.12419180437160376,0
28.97897441824462,0.6974714616692836,32.040630914885135,0.35273041514174314,0
97.8905520555126,0.6801407717603004,37.16901957186368,0.21380066685166865,0
197.13009082212014,0.6186113782151843,4.528686533559,0.2212727574073728,0
48.41105430230008,0.7527166395576412,10.794335074017512,0.32466116228844083,0
134.4271094811757,0.1586051052930737,6.3887395392447255,0.4681403107344633,0
152.32392306574351,0.8808707591989284,15.657363521197498,0.03200317330431046,0
47.527508798479936,0.871843527745232,20.26579405074357,0.4123716186735038,0
145.6432697223719,0.029247283034559146,33.69718516334879,0.14619155520609656,0
73.55662654385064,0.8258167505647627,29.301641319675337,0.2219597272531889,0
126.4611661187159,0.1288698674734452,27.9417855365294,0.010956664387504478,0
126.70594215217893,0.3351188542591419,15.856872597434448,0.15052303891715652,0
107.1549368149517,0.7435082562916078,37.8651398888142,0.25131562131506524,1
18.05795401088166,0.1607598960483082,21.207922532917404,0.028088038673719506,0
167.0604991178476,0.8179670241190622,44.059722210681954,0.24554786469158257,1
64.15601299434717,0.8321341779577419,28.53639622330816,0.46355531442921366,0
37.30370207997085,0.5074677337608362,5.681913370402623,0.05269660905390261,0
8.155028310952783,0.00638587171683358,30.42799029339453,0.38222036403775217,0
118.17858863764836,0.2870381331749128,14.629680694426455,0.20483552668799632,0
135.51287236845647,0.6169269183757422,30.884723850874384,0.327586857262169,0
3.3175657855712304,0.9811861780274235,3.1338516673082584,0.13011829899261468,0
102.4186116598562,0.6318135270166684,7.869664672918172,0.07974613127067914,0
45.29915503958759,0.2598035810641598,38.50817665076038,0.08023130713561322,0
129.03455808188997,0.6340057030996114,10.22308006605817,0.035245972821572324,0
34.87328580099829,0.5399853797158555,37.6668506359323,0.09282335245062151,0
138.18754762049318,0.7798453951511436,12.567423980448469,0.33210969249448413,0
77.34706926010747,0.10698063882695841,28.929685952641844,0.440845305921754,0
187.3459977473469,0.761027902502028,31.236775807942394,0.4070628427955809,1
27.50418882919865,0.5412665786761103,23.06946389152738,0.34256715493724205,0
68.2132702100517,0.9629920038589946,13.738980451352909,0.055215931705551335,0
22.694704248117816,0.3418721660386861,9.568996936699325,0.14459372314797492,0
184.93872365571255,0.6326218931339481,1.49352095530918,0.1549034376612345,0
175.4678706761962,0.9320281055100175,13.67758805583257,0.12497847319881061,0
51.58832554303112,0.10250972799067926,29.392325573907737,0.25750282985486156,0
131.99680920683582,0.9372284872364511,42.22371683018172,0.2677769074398363,1
163.44444004024317,0.6878857223008134,39.20420170183734,0.1784429875855551,0
111.04016231989246,0.0678370591051719,34.472914944088615,0.176894579368218,0
105.93011567120129,0.30096356694681625,35.48013044639844,0.4142777989530407,0
48.37045818009034,0.7081720886452816,29.924320656419788,0.3946464241598428,0
18.620553561179843,0.0673506014687717,11.712908590470136,0.15389791584037282,0
179.44315159066534,0.5821704601762733,40.82377638176234,0.45689422193662965,0
180.0836114326661,0.34588305695295674,30.18295403576253,0.476407508501253,0
126.62029145465358,0.6209155177674771,25.219828394119798,0.16337127101502041,0
67.80595820974014,0.04574203381251285,4.994526114606648,0.17721247439652743,0
69.84191492253218,0.8715368061523763,20.117499471289143,0.2528170767109794,0
145.19113577404786,0.9734889691773969,20.716122204086684,0.47056040626683676,0
179.42205199051543,0.9688778552856915,38.90536242852015,0.43815971657115577,1
177.41728485302346,0.7496518317429247,24.59916990845048,0.0512839812917949,0
155.97510917152476,0.13008624013063197,17.118024703668436,0.1963653716357081,0
128.40632923085755,0.7582631959290226,43.95601478297967,0.2766855948748859,1
16.827992999009766,0.02458691645880151,4.982426699684205,0.25156623627577,0
32.325742818922755,0.022123551528997254,19.01467927403751,0.09693153396844634,0
179.71083770541586,0.32361021914954125,1.891110382713238,0.42940838558407735,0
121.28581193191799,0.48864319040466575,33.29568543451187,0.3384703914984187,0
1.8394103233259296,0.7704074178077932,41.31344484896178,0.4189541874259018,0
20.294308573206422,0.6832953766065052,12.601679829772024,0.4293821396747361,0
132.70035382161117,0.44590270637674834,38.62537545596044,0.3741779268328699,0
1.0123167692437374,0.2736266662816659,13.149820370785399,0.21960530062485867,0
32.16161028349973,0.9971245001577111,40.98465727397618,0.3052733775077123,0
109.74675787331722,0.42618130223597295,33.92828566185528,0.08018270305987157,0
138.37903953853865,0.4513870243296755,36.220804957864736,0.33682270873745385,0
130.3922519005201,0.16362382119166918,0.8102950020204525,0.08962662786964037,0
44.85386189211196,0.7948095487499294,43.326466068331165,0.3469747952550784,0
142.4358442695072,0.6936822257814886,32.700194643164544,0.11479908037698433,0
47.449817499360016,0.2207696127887604,13.713799292375999,0.058775650075109986,0
65.07993963185355,0.0823810456158427,37.32275991864811,0.08264224507147871,0
149.29828102360483,0.6804993020747131,12.668453928671848,0.000996067609535134,0
129.92657980944293,0.6545112142811352,39.27392278047576,0.3593698089267651,0
169.8446820988356,0.2732595269982093,5.066117568537166,0.36620052452918955,0
131.52257846006867,0.9508635622504104,31.66586898573581,0.2574666749566297,1
113.66172066709433,0.15105789178090023,24.331431449020965,0.08068140052769185,0
18.734953565618497,0.4323348010426019,4.344051158794836,0.04177716875534487,0
73.5431606118867,0.9436159201675989,10.885222271647754,0.009564483218643505,0
53.04047353634509,0.4197273169261223,0.5581816324791655,0.08287408848261035,0
48.79792867581671,0.6385259476640855,21.094558445902763,0.44542776749157337,0
194.6021109504891,0.3975943979627943,13.556936734200017,0.12076842085084089,0
78.61954493335207,0.27421520234867003,26.926086793399147,0.17713566360860783,0
178.40931103542266,0.9839776479598282,13.375701346887773,0.05267274224066659,0
126.22772519945258,0.409334006315043,13.496360017814311,0.11118065237408514,0
158.9622607083297,0.8940992036791344,33.44369394292215,0.25961228539010256,1
100.52741862103842,0.22995460589108618,2.1664276190259053,0.3038763415478263,0
115.38077692527182,0.2131047040250833,40.63027478363943,0.12267615708310553,0
98.50353876377278,0.03113408288451136,38.351874347603164,0.028866079612558604,0
39.0485975596089,0.651666825375885,30.051210745188293,0.19551643456369933,0
144.49042305230105,0.36852634372376114,26.694970654832293,0.11710168546316707,0
56.15447248817116,0.864358249839637,40.15361241628435,0.10977696161490097,0
4.863193286290768,0.47320990669155716,8.33985807879215,0.4799314013567276,0
129.09445918143356,0.9681934279147217,3.5536122985872876,0.30815024296286203,0
35.42213588140979,0.18552551570312115,10.777957645929215,0.27843922158604795,0
188.09171687058287,0.8686231679556108,35.756022541508564,0.20788755176166096,1
190.78571540051746,0.7765968527917417,1.5601620026917495,0.21447216671507213,0
182.9728780440897,0.770921844644052,26.226307578757034,0.2704525019190404,0
74.03174005108887,0.8447832281168877,44.79468822860895,0.3482149035180536,0
3.0913233057734857,0.7610239909429989,38.50632422268927,0.3510730480909147,0
185.66371251754506,0.6262203216314154,23.465056006961525,0.08584695385272478,0
85.63682966346286,0.13124487768238757,2.8638409178989055,0.2500563760383135,0
193.3309638087339,0.032526179491251916,37.41180814735694,0.20597904751705098,0
192.72399541785057,0.9208478478156868,26.954032867974476,0.4352634831346921,0
170.601891093472,0.616650314520738,5.171984867680507,0.3157094606091882,0
58.889778413917135,0.7965372909761763,4.223577817051029,0.2662520332079909,0
77.01954572038505,0.4815223515125501,40.93320687464666,0.057697321089458686,0
170.22733430337138,0.11730818896239448,30.114011832213528,0.3028189446617057,0
63.384401031255535,0.12518579220255044,37.317905969254,0.05860195284011671,0
33.8985493372185,0.6855652872289714,39.55405051270203,0.16860328778287603,0
111.36025249167002,0.4303058948994627,25.729755842174498,0.07142098240716593,0
187.2309548321562,0.20052472670033672,23.285085828976857,0.34603682351218445,0
139.2059593349946,0.4915945467414369,19.36923346444456,0.1031260569180763,0
114.012234017873,0.06420893707513409,14.262596450600368,0.195929686594013,0
19.435298754153706,0.5819714019143988,19.55681823864203,0.44783738880938934,0
123.00144533983395,0.26899340443509767,34.82458450785704,0.10215819169948515,0
198.01077002085265,0.7975591006371882,27.08655439568092,0.25390253197938956,0
28.016803047304805,0.31036195892357377,40.16354804796807,0.209635830583011,0
103.66593047274735,0.4552201490818012,19.952100647063446,0.009062020522864866,0
175.47461438559108,0.011620539908100636,27.31903104234393,0.3963790567864064,0
148.15372355084088,0.07244688779455888,28.408839889139493,0.03452295315729986,0
139.4031481990536,0.3924935564066848,26.62637230378465,0.2371275104884768,0
140.49681679742184,0.4799388347171235,31.618519788848236,0.28033914746947497,0
71.89823024395103,0.6000205481193037,10.684506076866283,0.31421322830729354,0
58.71836885289867,0.29166257870930323,23.05636998956058,0.3443158146539378,0
161.87223109570272,0.6949818861265425,4.690116126375646,0.12663619176135754,0
162.02267893583615,0.8601223971892046,17.303009744016563,0.0049893883292246866,0
173.41446371602075,0.7798509888933498,21.9450180879569,0.361721831177456,0
182.64811051129425,0.039618825348357145,29.35009167954626,0.2678282996737893,0
102.26847977218756,0.48050694725782894,42.77389736637916,0.4180588516036244,0
100.30325893743992,0.10493017841817487,27.029297994676014,0.41069418145034714,0
159.65903579335503,0.24204501586252747,33.46172622794519,0.4216630838939416,0
129.99278615555303,0.9866625932671464,22.781972677284124,0.24254732998977008,0
140.39337545154066,0.14249554290151323,28.53468141193491,0.16681419791843283,0
159.15853388722022,0.49888815345135606,3.1919497260198044,0.395779101295685,0
178.00106836351327,0.6181557343181191,11.447621137883115,0.22564705651462746,0
67.59903137030716,0.702464970544104,16.28338919423124,0.09172109820171725,0
75.1165905279888,0.5596486834869141,21.262200975293112,0.42748700978073717,0
18.7963879681738,0.00977084741918366,2.054193547607268,0.44127993838617363,0
115.6560281992348,0.3264613082439919,6.301084389899295,0.23315487807008506,0
7.188454759348417,0.5177116433847114,12.45664385060876,0.037849863654893734,0
93.11960362649204,0.08786649914483335,43.71897109054728,0.19391304495846562,0
108.52892694151532,0.35062693120918076,14.910615319637284,0.4017688297313017,0
57.30825042565688,0.033203108791366565,21.691847615043713,0.45088701427311434,0
118.16665211380214,0.07857849715502074,8.824397073227683,0.10173637124879792,0
6.100049987809886,0.39692327620159606,27.485103198409572,0.03348680601263576,0
7.469637749842883,0.13271575404306035,12.630744698218844,0.43867522656641933,0
164.52011213193165,0.5675408482615582,9.314666029729205,0.19470246948943765,0
72.03812828225257,0.6894649691372657,23.245768280069058,0.27088048213378163,0
25.412102530376956,0.8005866991090829,0.24776096221893695,0.48403290602537946,0
104.44865201096087,0.2001502442448101,0.34488146921513974,0.03328236395711143,0
153.99871061972217,0.16748258225906976,9.8580964095836,0.3241590037260478,0
43.164205499368634,0.10456784033440025,1.6524613125369514,0.03705271128743354,0
124.57809516380006,0.6364302495436367,4.861158935881112,0.1877344642332502,0
17.0694929987536,0.7064757264869012,15.248729220243822,0.4019072725967234,0
10.33634423372154,0.03158614482564204,36.116355581091575,0.2167361163778172,0
106.2709263136296,0.9362122462436898,25.742188951618537,0.4985911769514752,0
108.1270243220213,0.05197128365147241,23.07004766803874,0.2795296424733011,0
127.48598029964131,0.5412963353010705,13.206997044365474,0.16058107631797675,0
145.21826674453231,0.7090605194509164,41.92891737447674,0.11005566295237657,0
195.17041589250692,0.8709691237460856,17.865676855673627,0.1752602671430809,0
103.26006966023907,0.7140869321324278,3.919174505809717,0.1862666368797754,0
64.5912945882492,0.8017280830697918,27.76799322530106,0.03435683886198049,0
159.03723895374074,0.33945019254280606,5.122727706447064,0.18478709971338658,0
54.16645025241485,0.8148251137465122,15.535041426076145,0.23211925986961246,0
87.79428414112722,0.08011484638467514,22.8335372423014,0.3613688761194023,0
15.69127626845319,0.8948166560605276,39.34001361083291,0.328364742360804,0
5.070148683091502,0.5475923761537362,22.20959611530534,0.3543828276145771,0
192.52968293558502,0.8172977699624937,31.60164447142489,0.004181840938428549,0
167.19602410244116,0.45231828451830014,44.67675775495817,0.10883369979026802,0
139.19484121873958,0.643577695196525,5.917010395409173,0.33084214419992825,0
81.79058888285398,0.5264026609361132,12.362918648378379,0.24199468408987357,0
34.658864014169154,0.7315895217553319,17.755923401894087,0.002656737834172973,0
31.28740853421721,0.08162998203058958,18.98226803424741,0.40224732121591117,0
50.048579632919065,0.0603520839905638,18.49594838694956,0.3864047866451687,0
109.8453329412241,0.24710323401014644,40.84249511504497,0.2742095814967813,0
142.91918454001248,0.15954468011318834,32.13146900100854,0.03323166288813606,0
132.03947534354626,0.8717835665922017,27.355734634081667,0.3832575247662923,0
55.98677938918857,0.21921398735804432,13.921772303825193,0.291856793865682,0
190.97305613263882,0.9758652558191313,37.07056728995826,0.3909799885789796,1
147.5793833391537,0.33689579177110685,42.977723016824505,0.3758734961979202,0
110.87081050228014,0.18211791568869928,36.953922714760196,0.40150103597891856,0
122.34414924687044,0.7896985071424791,0.07042973361628069,0.2590040332023124,0
83.92001248555798,0.6587077755008761,28.638061658253317,0.0701622590967575,0
49.54619790023149,0.498195716453139,2.3010921648945324,0.33557873668984434,0
71.19453573025231,0.5553635509376312,11.592324915017484,0.3102368925259853,0
151.56922209287382,0.7192017782722638,2.6786115156497257,0.3711265935995436,0
2.8786977259511737,0.22845474133129873,27.17079538272245,0.08494050302536765,0
23.214528101383248,0.9963339160567419,30.896546107167307,0.09748759995014461,0
9.20052840435055,0.9747931621467831,5.15194371296573,0.44520475860966424,0
8.145760463794026,0.6503256863469369,17.27274973702408,0.3749888992260354,0
171.09211680220145,0.19954245092914513,20.53064290299939,0.45411424435016146,0
140.73157187600472,0.6802282424312913,16.607385979241247,0.37935766058196035,0
94.83476581746504,0.07219840897917584,5.446125021833687,0.29857765299515093,0
19.566832130200297,0.030652502205806065,18.852650558436395,0.32706636851393683,0
98.32317502336647,0.2576828885112137,33.803012151378816,0.444563961970005,0
94.69435415611314,0.4626229567393163,3.195344903996496,0.28940337725597026,0
34.640373982003034,0.8682725054083805,3.6081006336856554,0.3161956621641937,0
86.77032984759461,0.727169069766308,15.96470813261929,0.07823835800180029,0
79.70094687947469,0.742706521199981,42.37765702285163,0.23696061005805136,0
123.17001961044329,0.42549333444807536,30.08576910253113,0.3581985559790495,0
127.01873017352877,0.3459349925469629,30.540148050265415,0.1354713491581827,0
9.060801954408904,0.3710387629846027,16.286399587703922,0.10112709026226746,0
74.92252292529425,0.9876495637360578,26.71473560438423,0.15691340411220778,0
125.17198314284728,0.04010919141248248,0.45590328124845203,0.12075031399641672,0
100.62725171601754,0.8670314961224486,28.6243220884294,0.10745631851819792,0
171.29796823766446,0.5786754085723934,41.09791264093065,0.21242542143404347,0
131.738726323789,0.43861541918959046,27.565806075516864,0.45391925694176705,0
32.58688541628594,0.7252576604151365,39.316436705985524,0.25352982336935914,0
14.113749480085968,0.48666894142470285,32.57878749597422,0.09396019040766151,0
128.48385564126312,0.8734232380816606,5.425128738166062,0.03848583469043704,0
5.302262108324363,0.9007018640112585,40.61039882786288,0.3480780725689626,0
117.15511625469266,0.4217209268734554,2.98997299600987,0.19139938221819391,0
188.0460482849915,0.2768277972350516,24.02853626464937,0.41091547329267963,0
115.0948355751758,0.5923503285933622,6.3961705707055945,0.3297553843203851,0
77.63398524130439,0.912363345616691,0.526797482890683,0.39812072527068426,0
128.65764368847064,0.21066218900566658,18.991541705743757,0.13597301970922437,0
91.65057809830333,0.6229665835634828,13.27683184443703,0.34617946123052906,0
109.12335786318698,0.6315602200925206,21.870022220892135,0.1320309923468594,0
188.29296175530504,0.733113022415281,25.973994903054788,0.4695342397251458,0
77.22052756015485,0.1315676851272598,1.968258253902631,0.3181871407666872,0
192.23811276478284,0.7158249646820886,5.535148280568554,0.16225590008767105,0
181.07012839121273,0.909032520665641,25.13890784026914,0.13475593114613632,0
39.158226957859284,0.17968310887024197,15.44253089276962,0.09546329253582175,0
13.872260175033091,0.23754332492387764,32.81280693972516,0.3473204794468639,0
20.15560027548533,0.9713950940416396,29.353124186637285,0.10935780649896365,0
3.6443651303099456,0.18097695270948977,38.052196334545805,0.29765163296374453,0
18.88859215118568,0.8543850933695791,31.16217720011514,0.13231751346267867,0
136.60135468327138,0.4922778564480348,19.346898482556664,0.3309844723969343,0
14.237729692045797,0.24723107440317704,30.283498007749458,0.4074698642702696,0
63.79512605875226,0.8707499012725114,12.392152841493834,0.3890126215723266,0
168.97506219389092,0.4453052550026655,13.78410744501957,0.38042566546539086,0
4.654387147165173,0.5148173539296902,35.5043321964357,0.09386120284612604,0
162.89369651778716,0.3592333693997657,20.0888782380712,0.044192473492259354,0
56.37095495467999,0.5929508514349274,35.927115323325864,0.3494744142436928,0
23.63296552433125,0.16352387258502277,37.00900681507253,0.18417360689717566,0
139.34743307283014,0.3910815366517607,38.59030519475777,0.21617311320167365,0
125.7885693559768,0.9694123223352875,41.24858561285433,0.015574546396695532,0
175.49440270541058,0.25813343270112754,19.39433492309833,0.1297882246375246,0
147.01420876077717,0.6567366645412922,14.349006824451248,0.01683820193723201,0
160.69618607696972,0.3251900642246949,26.198943596735123,0.4395928863006238,0
56.406914514261295,0.7734731256866006,16.702759054693242,0.12169834160926524,0
35.48790875594457,0.13087366071834983,27.048337506010483,0.278668584786504,0
150.12295032817167,0.9698210450785447,31.75136381897211,0.019489660330565206,0
161.3669478534528,0.45378954138363925,30.97822583214616,0.33342369565282903,0
198.10102840013465,0.23605046334646396,16.85487991590546,0.16151367287704693,0
82.5235353822853,0.07349674733001266,7.508709076443877,0.4489595934788329,0
74.40361715855663,0.16975790508754074,19.37382023079934,0.4440590944670179,0
155.28259214839937,0.5197739485560177,6.416736483685893,0.1626453091808739,0
68.16070805060357,0.3370031764312863,40.054366583271374,0.45048044784523394,0
186.15146512071294,0.8288833658826095,15.564485733203583,0.4980788367493894,0
171.68255036860236,0.43088752366180594,6.950688625049571,0.41270783206197403,0
85.79880547500368,0.2487142725876299,1.1451491957587896,0.4224356738776145,0
150.17421355829947,0.61714498660403,29.062007382891792,0.12450436805454496,0
150.90857481693646,0.7067772168854458,28.660604285463446,0.28835119942887816,0
20.62477376718652,0.16704190790094986,15.327187496158125,0.033627956983683926,0
180.51058133591334,0.16761921628831766,3.2270349981442954,0.047458968410834856,0
101.05047448957143,0.03667142693354297,18.43330027028544,0.4994463060166453,0
165.29149322154834,0.7364020150656405,14.004787277852712,0.16331962471295547,0
64.00992020612235,0.6638045276218051,30.47042878807542,0.3740919560244232,0
179.1046456992401,0.4746308757498139,27.260066225371066,0.40333252651340823,0
77.84033574683262,0.8441704489691971,16.4067177688893,0.4290116355036146,0
2.167530296059672,0.8056701529500532,9.805164941474555,0.49881414870107826,0
181.07639528385272,0.5853543643967521,44.461618477001636,0.12074824262843392,0
18.25733535722671,0.8682712805132586,20.430072953825167,0.020175413429849853,0
63.86272751808298,0.20584121003676825,30.972340610110667,0.205595758997293,0
190.012393410161,0.11191961939772788,6.324883541026235,0.06504033491447347,0
190.12142938751123,0.2697496115169896,21.851536484672902,0.011212944581027562,0
114.68757762465722,0.05708685608931485,1.2391523941259468,0.18021341357074305,0
126.36744243395985,0.531169528001032,22.745480305970247,0.3918691255376182,0
89.68910439566396,0.9366056922949615,43.38078332029661,0.28309034561253543,0
58.64215433961291,0.03934354066850965,17.28930208436101,0.15638899460517702,0
65.7329090739832,0.1221099140100268,1.7548205658710214,0.32717100274635985,0
134.50369121540768,0.4521990282834353,1.3930105913704587,0.11600909015440536,0
150.474905887536,0.9338750175279049,17.45940419760913,0.007190723036042512,0
158.3158087451697,0.3161561049767505,7.201122140843732,0.3821766932182137,0
157.92362855891076,0.5072348086883924,1.050844334768366,0.31187154243200454,0
18.241220609738072,0.0415728590503921,34.029612627757956,0.38115131225048,0
98.88406094051629,0.14834320096208886,20.63353539968508,0.019469008343832805,0
11.511752003328857,0.9866301229588469,13.016014738769453,0.4185598139153261,0
109.9057764647471,0.9651186964360455,40.50374323574163,0.30976310001815166,1
88.3061002746754,0.004939980934409616,5.226253209023652,0.28169767535632007,0
177.54083655165996,0.951811785423239,43.01634730298937,0.3123070240572658,1
70.18300251041573,0.6391199378155004,14.128502281980877,0.43221662343418205,0
23.413403285521174,0.8679182945200221,39.97816525389066,0.29346825327945353,0
28.59833641056717,0.4547398556338591,27.13242944157577,0.29047518994408966,0
152.30212634349445,0.5155960285792502,37.20183118836694,0.4953395785328829,0
123.64361266325221,0.4888465802569202,44.28059234447089,0.378365083534284,0
20.22453522455805,0.6668642575461043,12.978244701843558,0.22114690272556764,0
16.821361222999485,0.1396512547563129,43.251096843341685,0.35369850001646386,0
140.193826291824,0.029973589872677953,17.526685270608915,0.19461523584589424,0
14.552601272838706,0.3079299415911909,17.348035713161504,0.1144377312417495,0
164.37201185807123,0.7046807627366467,15.317419691452756,0.2984259384438797,0
141.24844543129925,0.20185345212294836,24.363342330641334,0.46409104905697574,0
16.269756128379953,0.6734324333249173,6.936526943031919,0.46456976000773137,0
16.967542817038385,0.9699120461072704,24.917016841110502,0.17095263905274516,0
197.32791570023508,0.09390071578941839,24.37671655845018,0.2638387331108475,0
74.85415915122407,0.6726021182251263,34.28558156721915,0.1058179492849306,0
74.12842941337819,0.44375021930457115,37.51424828719135,0.4978155547494417,0
162.5599134515005,0.8681422543775054,19.819860764059083,0.49055895393396787,0
189.44971547677173,0.1771497894473859,13.604996220817219,0.32475446485372367,0
197.2002127645742,0.6926259522261645,11.670070379269252,0.4022070298387367,0
150.67563705178833,0.8381152896481102,8.758072651719237,0.35755008064185,0
75.25191710618316,0.9446142194740232,2.5941411989561196,0.2965791095197341,0
16.700143339733753,0.6832480282896458,15.4101590475621,0.026673998494448847,0
155.42938318548735,0.4971747640084273,12.161146145885247,0.22738217127633054,0
111.68084994716101,0.6178472402012138,43.48878236398833,0.33739315108370527,0
84.84440184939525,0.8689049844787182,25.096897181251975,0.33876580694184233,0
181.2708770189472,0.5706097466388297,15.62746675637284,0.1865613092111918,0
22.239496461230267,0.03038705969683686,26.12104204471632,0.4708459933290153,0
98.52502085817183,0.9309486955069778,6.263851560556298,0.0836785161183905,0
2.2707289534838138,0.6895267510315611,19.981968714099132,0.2501797231077803,0
93.73212839882525,0.6765133857772465,28.18054446394787,0.3454419882754114,0
11.26065513636747,0.21567515239771717,22.000402430660312,0.3485679029459046,0
23.763583253614385,0.6588854702326572,18.080046029444592,0.3243194783844078,0
23.505249355420975,0.3938644056541585,44.723177500486415,0.13764410672593008,0
129.8420604232127,0.6512329770414921,39.614164296701716,0.07810328434331099,0
149.20897585308467,0.10659303030799072,28.053268117174806,0.31797016341335543,0
116.67375301943193,0.657845304603036,25.621981253202726,0.29965105806971887,0
192.43450969490837,0.9994137257706666,27.929721592106283,0.08967800514462049,0
74.97411590474081,0.04821203886055603,9.059044852009496,0.35256957278528167,0
57.14241725637215,0.9771741842213173,17.781198446894336,0.2275859958668282,0
173.71982563789206,0.4069079607228706,1.7756789800904693,0.33388029580157647,0
44.71916770389053,0.8707534503372591,21.3995716869072,0.41868353988507534,0
192.64450788812226,0.7823854840582735,24.436106278094844,0.08486421428846158,0
2.4308949379632683,0.5670162609866678,10.248738124644431,0.00957243399841834,0
193.97576534152782,0.7384492092513265,43.381298122448115,0.3895512931978934,1
8.631982390115223,0.8785155613013479,40.92545749217589,0.30484871257630797,0
178.22862273961422,0.404140321651033,32.496445595515766,0.34981978481106085,0
105.54022181725998,0.3270331615632387,24.002398294441317,0.4190774874943213,0
198.59295922386008,0.6675933855635847,39.148612184145826,0.40140546741225025,0
14.759312947079772,0.8078459419412586,5.879355472055831,0.48046007346441233,0
110.77085688026416,0.7622851347766157,35.57294074236982,0.2679675394260591,1
193.8605071238198,0.7978136488586345,5.616936628508173,0.24424781632995268,0
104.61956883402976,0.435583314812933,35.739479814723246,0.20094359994536504,0
125.8797276270525,0.8178342161750216,12.409540571311062,0.07684552142210227,0
139.14973779692343,0.12020905537060844,39.469076145818505,0.2863036164410112,0
90.90821295355465,0.5444890979608495,42.481894222142905,0.1385062621629894,0
125.5116160168127,0.0057586604981215705,6.6958186232302035,0.46065375610648773,0
116.86286238462004,0.3245858299002703,20.820402227942708,0.2915954021385488,0
180.23160209819778,0.3664615348713979,44.14443201732083,0.2964200902540551,0
9.089276068291575,0.3961726916092554,21.753334618791598,0.177462330438505,0
56.19263791844607,0.6954672066898622,38.85963851315453,0.025994675988853744,0
190.08229681531174,0.38855810127034573,26.492918495909393,0.01587188268649431,0
178.05275677818327,0.44869362262253065,16.889845856382085,0.21166757207659875,0
91.13135055714258,0.23754413087432746,12.860259998664159,0.04228268904861893,0
124.02651956030735,0.3732517916293401,9.145039098873927,0.30342347777006956,0
55.476236596226535,0.22726962726315147,34.28091861199638,0.4404865028198287,0
37.62423194475226,0.07319592376844364,17.394322807036254,0.4414574082593611,0
92.73968098799644,0.6034485933813779,23.0073957990338,0.3295227050661162,0
70.67044560521056,0.6682127985550163,22.154646600053187,0.1056159157364655,0
116.73122237017441,0.6194903460096145,25.977556315490904,0.43149841567943603,0
15.546927392996967,0.46349404380057235,38.95097155310485,0.4430467176566041,0
194.8789615332333,0.3797857801792298,44.13327046125432,0.09832679247647935,0
197.24214889592056,0.8633336495718252,18.341289385821764,0.3687130428853386,0
139.63234280394903,0.519081785136218,37.238351494783636,0.14325977446356147,0
107.21927326882408,0.47918187762973097,34.40375075946229,0.4013201561764648,0
61.90552325726555,0.025642065806435688,25.808802815500798,0.49861894995180134,0
162.75900394138972,0.34124782762615635,43.02212146253699,0.015013002664696407,0
136.94623451077587,0.38019561878585706,9.021353198778126,0.44868293289546596,0
32.52338786897826,0.3988227808969005,4.9168894639329634,0.311315266799329,0
182.1854368987685,0.5801723692273323,38.428288512993994,0.4866913095824106,0
164.5074485846338,0.5336025467268785,19.761741748518673,0.2325047587632138,0
189.9599826583848,0.6079050927934446,38.11359843931772,0.42369396528568687,0
145.143901677672,0.7648832615421283,40.18905923379367,0.031197034299138615,0
122.68303918715797,0.8129857387160935,2.8105917128582147,0.16763952503914786,0
83.64860725812377,0.7181230762264944,39.75591433437273,0.033508268875604985,0
186.54569667080264,0.9555236959549347,20.174357491623997,0.48767156673953527,0
173.21277790008168,0.01823258267636163,22.96946200519045,0.40848695363591836,0
9.043734021237881,0.1957779856835461,28.196662999194462,0.42627371062298525,0
5.273394899450401,0.00756287497814212,41.6872173028539,0.4689826157169471,0
75.29267337560992,0.647474714154603,0.8602242493393814,0.04255174305989268,0
162.1106661563666,0.8980305489499869,21.45795607430177,0.19279879625666668,0
197.4552258629889,0.24348229657629927,30.94749190937523,0.03551744452200106,0
30.083378220705637,0.9270345447963066,32.52181309642028,0.10539655077501431,0
118.82614307042702,0.06026739028956085,31.16395941916986,0.11468288851883618,0
76.1781713262043,0.9344360268055143,6.049580823365483,0.23455360552378934,0
193.98287956292063,0.3516226872396344,13.472801476725655,0.1342810837268213,0
168.42378462714174,0.10142082844921652,16.142198643765607,0.050489053408880546,0
167.66574094222756,0.48587175918632564,36.199674345577726,0.08374554454705385,0
93.73863195899406,0.25677656772050794,12.544194258654887,0.07363778177604546,0
82.96390046753304,0.28487290196192283,9.481723374024142,0.48653839895614914,0
54.68141438614125,0.3072899649262866,43.085160856714324,0.3796462534592368,0
11.275099330185423,0.8030258978326634,0.3988478301061005,0.483880732634781,0
172.94447525101063,0.5391612766752545,44.90193850568902,0.21987024325395427,0
162.58020182601553,0.31130769915600365,30.456958448582803,0.1391842408313283,0
199.9435346572261,0.6103337833109184,37.28111847521027,0.39914659860459334,0
199.32736741478107,0.7161506742231936,13.257872835578691,0.1631269590205734,0
111.08634112052549,0.27262400073353377,0.644187495017699,0.14969168685267414,0
153.7974830361021,0.4135491015253515,33.204128335268855,0.1162529961039156,0
188.95314597648562,0.12188609333694755,37.53650686503041,0.06483948911211768,0
169.9294781354823,0.18114934953468032,33.32142593790836,0.12823153050838298,0
49.46962034863953,0.6811178539649828,6.428262928537737,0.17765987423694385,0
90.1088270620187,0.18143834769562694,33.90425650156361,0.3369971040728652,0
25.831883030298997,0.5251633836670602,34.601525194843845,0.03128242110972579,0
190.81020545174448,0.7090462617224327,29.63432320515247,0.10525346983267148,0
121.23492689017601,0.10687692309474384,34.47521697580138,0.4045118201458382,0
45.728561100692545,0.5673122196289035,38.06646478549795,0.07346096179188538,0
134.34013688117133,0.25656278370136376,27.61218514068563,0.17132257326126077,0
123.62564809157917,0.9629268752375798,3.9872121286355577,0.43232946092907004,0
71.6325436065681,0.4835456467199247,21.94325143502449,0.07746265557172133,0
22.711518439925804,0.8059925497751581,3.494220060222228,0.04136841780909495,0
134.3146391185599,0.5502265421562618,18.339436396459387,0.24226899754000542,0
104.06154018075866,0.043412532854819164,18.319792010653245,0.1512097556392682,0
154.46367834712785,0.6331513755940223,2.970442986310871,0.28170418224192706,0
104.03270022239867,0.951403342206657,15.696924028626569,0.40190244524173757,0
170.43630006370802,0.6016118201463312,4.994914445609168,0.06857424407637158,0
110.38136775489711,0.8191888594267902,36.370584450414995,0.2903495422771425,1
112.18759430707725,0.8842064633484078,42.645961168401186,0.25275438019493196,1
175.33072053166902,0.22807977194893247,3.2542413866072373,0.07203939300659978,0
80.6965732424794,0.21204483990822665,42.98018432812656,0.3119992427644912,0
26.803045690128148,0.6109809888509917,23.515946970153532,0.13682020893038582,0
5.756535262667795,0.4110284698067047,13.480455507924326,0.24391715927200625,0
151.0274511347238,0.8398613028667203,3.4587933874273578,0.04113616213853094,0
124.06191027069293,0.9000231233980112,22.528092063168803,0.22979202860681153,0
140.81595361984472,0.3534213793027181,35.75319950208369,0.15323173402141016,0
42.592832301782146,0.23687055897448206,31.81889147700142,0.41119060559267717,0
27.27429511735395,0.7805255152438618,2.2601705158788192,0.02848936349868414,0
2.9089331335763857,0.2748060355481361,3.280582591555658,0.20930363745916497,0
70.11751176131939,0.8226143185136784,18.12929771846867,0.229215712065719,0
117.98353737092661,0.42373825364876283,13.288072232157447,0.36250303814955936,0
78.44880901994647,0.6675498992914705,10.457294537522152,0.2871437875451055,0
87.49498440474581,0.09553531383466818,12.645202450892112,0.3336061685970905,0
180.83173889874968,0.623859324676573,36.156723448359806,0.38852464282587806,0
69.65109340466007,0.4517676787372291,41.81526241343342,0.4311014868290944,0
102.79789783196216,0.5866084631754741,18.22962125374049,0.15693774836123525,0
156.7306025482286,0.16801420774486342,40.77499509596237,0.2690113526819515,0
79.30855646425402,0.7368737449441821,14.467306556154687,0.42005403921959994,0
124.4173400455747,0.8627970775432285,21.43966438547062,0.4947255654825282,0
172.47274174934904,0.21673980009077565,10.171304901719987,0.44475965552188157,0
189.9041247315284,0.09571455552016173,28.82142189791298,0.1857336313121884,0
29.414696185807585,0.023638586046336396,44.0541501828664,0.09758325860932521,0
185.31752503229887,0.641971500443266,27.15718932195204,0.24469626870329436,0
98.42325861590764,0.6070940360887808,16.101633785109698,0.3708207259180211,0
51.64887765979167,0.54669741271407,29.151785069573776,0.2462845353766488,0
91.82715124765227,0.23194709611597542,5.5314305309424405,0.24159043165683425,0
196.0065150570954,0.39090599590551467,39.989658611942936,0.4191152105409003,0
98.52361879857392,0.594476335186173,22.638777785092635,0.18070188953359317,0
65.75032205750165,0.4967668588591694,20.220738391783893,0.4298973374058228,0
126.68017086334515,0.9877855202148873,26.363915480408362,0.20340240047586178,0
48.029123755638615,0.13643975255673313,28.11527382552311,0.1641165528391697,0
15.172665621732783,0.6951445540475938,3.229911280193086,0.2269949555998495,0
25.775944382129843,0.4043187681042921,30.71777495505311,0.3812234793374342,0
25.609167791554487,0.42819961492561476,10.886925614198832,0.06300101393199714,0
30.38053870245887,0.7175977656581762,32.12786846279654,0.09820960793600869,0
27.76543452988203,0.6924361513243696,37.01406574728885,0.475722412831546,0
128.17494896064292,0.9912559937021883,36.178132839863416,0.08774581369067869,0
36.37601687982897,0.12839428945412523,24.86254353335501,0.2838636589655273,0
69.13345666477264,0.10410964938416634,23.407645153983804,0.28965723333096893,0
179.35768198120238,0.7243388171287412,6.429418260273527,0.2448122310251224,0
94.79232805257448,0.5783869170064091,34.8905767681411,0.3223726242884093,0
133.51154770420544,0.27416066655980587,12.213422120102146,0.11491336289880921,0
34.46397424032597,0.0794193689889866,22.351294026807594,0.2763311338883741,0
38.457803761734155,0.08565824959643054,12.792334181738251,0.18608662762344857,0
8.173723253295773,0.8941908746641183,6.022276334986191,0.3308336298145945,0
33.78701261443291,0.1918673247187429,28.330096360128145,0.07061177168657473,0
55.71806780639172,0.32337156211552076,2.4449415670306722,0.2854387084197381,0
35.40209685534936,0.22665640222698802,33.689035535679,0.09263517769166185,0
17.74050675141112,0.3549963058319373,14.29140578675025,0.1393215315575182,0
24.12717422012016,0.06942384274609337,0.006061185201839403,0.10935490016179161,0
92.15575360654515,0.5190597909082704,23.000811265675342,0.09141888993440855,0
41.2667436811585,0.0676125635922149,2.1083358837421406,0.4128554757803335,0
72.8539722096151,0.8003565078223616,12.427630101940476,0.14285378383044517,0
100.68345417097137,0.23371208191043302,31.813941935507227,0.46356189093222466,0
138.07896572587305,0.5400119146045106,2.821032972983964,0.48496326267259543,0
7.862427968219787,0.8800790875614583,37.77023215602011,0.28563023496854867,0
159.88207978180853,0.6508773690471942,0.17189651963623986,0.0715005613328632,0
125.58007789818156,0.5329577865513353,11.1070741140856,0.18727412168979063,0
16.35180638977438,0.3243337531153756,33.34068252684322,0.398866131674107,0
174.71572482135545,0.33300191305819793,14.232156737818805,0.18369536434853523,0
184.17448010636264,0.6694869551981901,4.585157462970609,0.04350860915139437,0
12.21559197097275,0.9941393612211675,16.210526346019254,0.27839245546409397,0
55.37552962944075,0.6618391898493786,12.16769788730365,0.4225604257480174,0
161.24025595861227,0.5577834173700249,37.92203559722497,0.3979631935717512,0
149.65193807673168,0.7306505102392461,14.100656291331441,0.08756157006517662,0
36.90420387127546,0.46520561228371815,35.501961229920326,0.33638230720623336,0
41.86986466734206,0.060142342600785215,40.13424651648306,0.11025213171782355,0
74.0944205582764,0.5622968158779098,19.52178388094383,0.10910376727608612,0
96.90459703820426,0.9576252845053802,40.94744147344764,0.4370358866525926,0
123.65095430605919,0.17530294235765964,16.97931242834368,0.12483447637011508,0
73.78272791395449,0.6900048908206657,43.38352874205487,0.1316236732590056,0
92.50694322662957,0.20093368865905648,4.018028603650782,0.00032669538064977743,0
149.4941876267513,0.5358276844730813,30.915866992645924,0.43533451706275883,0
7.33664057811958,0.09667644964671962,22.22163182056179,0.39629740660456736,0
50.48738886880415,0.45037093625818514,17.444196245504116,0.313664467545339,0
142.66991717691047,0.7561633288952461,28.47203454368704,0.37513288196942113,0
179.04136753743987,0.3475715242389821,31.673569123544905,0.0760242837122459,0
102.33548842313323,0.664911724487218,0.19634713426390893,0.22916179729378772,0
106.42269705306313,0.7954499607897292,7.5128889936239425,0.17560969367439044,0
21.43440226795521,0.9271778194794527,32.08707227854434,0.046888263128508245,0
89.48247336469093,0.23464208185545354,29.98734361101929,0.24306524260746204,0
106.52345329100463,0.39931591580930814,43.47213773079047,0.4603698251713177,0
48.49410072694593,0.15241601333041743,34.24670056128524,0.02002955952534724,0
53.84864618987619,0.9924835021583752,42.784771847910214,0.14573045674689694,0
75.45683262092453,0.9270009679242953,31.614322569066314,0.10377046810285173,0
4.014239555545274,0.5399571302805596,13.412349388774942,0.11907332683284816,0
64.41583311663565,0.8420332943764213,4.741421501288541,0.45421727593968764,0
42.28960139930893,0.5209579772720422,35.1820738505221,0.23403452711714506,0
65.49947043558294,0.6235856880027597,28.986714966416216,0.2331497064699094,0
23.952426363850243,0.08912443211601662,2.1683705576983305,0.38028782122764115,0
178.105456147979,0.7552704204968079,16.202270965544024,0.0772461020024629,0
118.71849071080973,0.12771348363523483,43.05599169679288,0.2436326770500254,0
135.8204638288979,0.8260676302525284,22.518051556959055,0.21499260706052986,0
157.83424772146765,0.7820280876703859,19.47281112088671,0.29845534527332807,0
99.68843978581145,0.7087446977429764,20.596482232168228,0.4997788516252193,0
17.38405761748474,0.036160380524762115,9.399722580232368,0.38472444704102354,0
107.42130836370956,0.3031283559453286,16.591822688915784,0.1989328515087136,0
117.36822360417582,0.26311256991084286,16.641596519422947,0.4137765261370235,0
149.08789483686598,0.3601364074715191,2.355975908436258,0.08535418165624009,0
86.33190924593588,0.08764274676383854,34.54054328330632,0.015231843154480063,0
25.516060559112752,0.9369578230310628,18.742699435674552,0.10222418623213653,0
56.75518115974489,0.5538022407123763,36.99809490673905,0.17020577805712983,0
72.61645927972702,0.30552431065802355,38.26566005039529,0.25529037872977994,0
129.18344826632026,0.3969815170742834,9.539732461439613,0.3075645702705999,0
114.15566093378237,0.44720254050483565,29.580906697655784,0.45530285860721087,0
71.21934517956925,0.6005943333606173,21.252681187334176,0.25492700477522884,0
197.30304975859593,0.5156794276964978,39.60705320646683,0.2506378223128647,0
121.15496387137743,0.9193919732144173,9.708330562940436,0.025121504911491066,0
47.4453583471989,0.49696348290583026,30.50159401395199,0.017455776328111905,0
20.356494524080748,0.9921580148233127,27.348845501372516,0.27557998095818603,0
30.571827836866404,0.8514249577450957,13.288566490732475,0.21908930662417225,0
49.191545676901626,0.2085105143573358,6.147040664302768,0.4195901974901493,0
32.13627465191114,0.9305952146439163,29.323789221477444,0.08033979235592259,0
37.313404810261154,0.11636639788547609,33.23688561595488,0.012485831058524799,0
57.01903373876942,0.8174497084911916,14.20323046935075,0.22451938396506294,0
34.67471905895096,0.3806232934765801,29.017467181004122,0.11873927837612874,0
179.35308492528503,0.8779743204450695,17.780890842517646,0.024807186669418724,0
16.046749132328443,0.8680566901074503,32.094309747717794,0.3622991434238145,0
104.90227791405093,0.8059254001176211,8.96468737023239,0.05579649997862374,0
82.0793653979323,0.7900304363070614,40.059675118627844,0.30415975000388584,0
196.47572338172128,0.3046791390980408,12.933431840951087,0.14052487508344458,0
22.40778043361047,0.08091928305125218,16.55036944902688,0.08674802517751101,0
79.57111980914833,0.40298017876516146,2.6141378436157403,0.18987576145965873,0
193.89408665507378,0.17352451498650867,5.018049554457438,0.4007228881114768,0
173.10142517879606,0.6949510889024617,23.213785622054765,0.19604678845228635,0
163.414414189856,0.34609972653778553,12.041670452758718,0.37538482460552786,0
51.580565408987965,0.9756102008599149,37.59661015839875,0.06274314839957534,0
34.177517478013165,0.640972077345332,0.6612024894729229,0.38638570983253956,0
133.7286439848862,0.822480563634361,17.05923219023713,0.11846666245332432,0
185.87519782551715,0.13252467274184843,15.18054960460917,0.3386965649444364,0
111.35257860278595,0.8620144822726226,0.8697433912920466,0.2828907774204982,0
114.32253789397997,0.9227571905133943,5.59657795502296,0.46457235860584367,0
55.99581873205683,0.4870619188189359,18.613920371338587,0.19366125898765701,0
153.89858663838737,0.6062529377509774,22.178906300135097,0.033082594417220224,0
37.408749711504676,0.7648098009029954,18.19303862646911,0.009577742775626452,0
64.73584728084873,0.17483862726041255,23.89219552854422,0.41342928048637656,0
85.08728772328335,0.5025660764634424,26.780925370755668,0.2623678188307161,0
101.522075736891,0.3986630277723131,0.44657195075260336,0.38762202591747463,0
48.481946483016046,0.1463739921622491,20.884282175407673,0.11721280000575734,0
22.967364947840707,0.36753442229153144,43.357465839941476,0.17254187275661687,0
122.12400848832652,0.06817230938549357,23.35645260582969,0.01505193610565947,0
57.726110648051154,0.025811906949486985,30.489402035652894,0.4807461622870561,0
116.24764428452245,0.13516628915482276,14.033873606259744,0.3339339533504067,0
30.872543054840463,0.9631151115891738,34.829612016874314,0.4666025438796531,0
96.22802037096349,0.549529535895017,34.781466684425176,0.13274820371453616,0
106.51788651031717,0.96582216115322,23.458322144436252,0.3057318056128304,0
10.364707364485382,0.432497878330132,43.92062204756461,0.3392499841463189,0
67.32085563878411,0.3118161330852596,5.649759664319402,0.15877485012879422,0
26.88293538779485,0.5061418628402441,0.7626449200311447,0.42405461750781503,0
12.674994094553549,0.4395116886329101,34.65711952906932,0.4735807314501239,0
197.99204647798905,0.10566468426174391,36.32199918141971,0.44242755884800217,0
64.47076899494459,0.6408263146902062,5.409325310425931,0.36953348796968627,0
161.97488917092699,0.2160381825095996,11.951227483137274,0.13873233986247702,0
50.92813095275277,0.6195879548978296,0.7898563514983009,0.14080802105281587,0
136.30054444478586,0.6502010923981534,13.198887485125411,0.48168016022301896,0
152.0455719779373,0.1520248531286481,34.79138432634022,0.005142247967846014,0
119.12774812156886,0.06134962711066816,23.30822374706605,0.35802498662107224,0
94.31523771003168,0.7807615860684398,15.664301692572964,0.3531230812776311,0
82.3681828294537,0.4598004237693202,16.728268270784863,0.3113447704748987,0
69.77365330859907,0.05816379550547579,0.060913157196066936,0.4950544230434329,0
185.90582884956518,0.9948663171697671,13.491023740435615,0.15593971788186262,0
166.12388155754581,0.05778056099636664,29.09064337370687,0.1699859318966241,0
193.0053821333025,0.6950352288585532,43.83874997173607,0.039469701473277774,0
24.859444697108945,0.9836789252634136,38.11773721427548,0.22139906827186873,0
146.17349504072885,0.23918010421592562,1.0617734090488107,0.13052426311742404,0
187.66809136420756,0.14224936868719618,40.43522721036777,0.1716933510888221,0
36.24661323313203,0.1213849394224289,35.24392859843817,0.41728589512781383,0
13.299253473355499,0.30327514756759555,35.11692556069412,0.46774225676374787,0
148.22412985801182,0.10104581101064669,20.60980915516072,0.09286653600259281,0
114.89462263598239,0.6921613416941319,17.910238182952625,0.18625446577673294,0
168.3657553516544,0.06229179813006269,13.631207797493667,0.46431528105769704,0
27.9544753252579,0.5094221281497897,2.95626865294646,0.030904230344611316,0
159.05346237197804,0.9966968538529768,10.27059135721646,0.04618026405568926,0
40.32546400954891,0.8139702695060188,11.097163574011107,0.08139549460311468,0
32.7311885731409,0.6152194382310109,21.783468136959073,0.2976064170634374,0
32.853159586198586,0.30625362078661167,33.63499829685123,0.07523613550299874,0
162.91494404627642,0.6238958362916385,21.321442277907597,0.48403819072536675,0
133.03944413924003,0.5270414639116516,2.6030002251222273,0.22335726362926017,0
104.61308495382386,0.4260833838903715,43.100541044469175,0.2507589801750832,0
71.7660968247005,0.13071037674019947,42.42259435923505,0.12332930790270324,0
175.44010816262164,0.8866042152404667,35.33352944167838,0.23548012621736675,1
78.48902148452707,0.4497846488213225,44.60975557038993,0.33095681631850576,0
163.31988789431543,0.19462251182076507,24.501704976011833,0.3755885684770214,0
87.82698171404368,0.3677593508772896,43.32457576139427,0.3769340413549565,0
75.38888588498152,0.41412975252892703,3.402226827753785,0.28894555634704416,0
92.53595713392129,0.8275378955668743,16.45563367176171,0.4521798874969286,0
60.27557483282842,0.733614380561402,10.142157060304463,0.4087039236530547,0
149.52187603525022,0.7693048936413398,8.81248878604215,0.3785240573493127,0
100.54407801849582,0.011031264428647214,6.336132700170424,0.02780276084023031,0
46.44253902936346,0.4161539981797615,28.00861387046985,0.003438981109824657,0
179.9149146549137,0.4813441516353236,35.159483508628725,0.10622363859773648,0
76.77824427464228,0.019192276823056686,26.02342797391623,0.33176179695672614,0
108.71057222279772,0.2598132087450342,6.613321931469435,0.2055987444412729,0
181.2944221929094,0.760289823122135,36.50056964700619,0.20120312964965587,1
124.84759918279842,0.13710970572899905,28.617961822367782,0.44229344411480687,0
23.379608141672815,0.5353101314525917,17.467456775714798,0.44778142406591936,0
187.96642472269502,0.2152018720172375,30.335863299122835,0.45458763202679286,0
125.54161061428357,0.012120774643893273,11.695724065927479,0.15693903825751365,0
66.98112293141722,0.24120145759954148,15.533649382239473,0.3455279063696309,0
27.854414532677453,0.9758737549100538,41.28686294093956,0.13581659063718482,0
158.8050378540592,0.8015371118829896,13.072702755213918,0.09530491653722489,0
124.0145511857027,0.9595766443210334,21.149472067107148,0.09231622867368461,0
106.6922183952643,0.48785404392636245,40.056351182820656,0.17105381043179702,0
178.77851661019153,0.1097361986775035,31.847460762038736,0.21497880988991086,0
157.71944224490616,0.547959488973693,2.799145177411624,0.4154745855275342,0
30.334975946550237,0.4543773345599609,6.628636992553665,0.05994554673635605,0
62.34441355910965,0.844357082739616,0.3528715847362568,0.3674629236974471,0
49.69782796289315,0.09808258078424459,28.391480560312353,0.2657274570946527,0
148.7892585145354,0.4882411370217782,20.145304143468824,0.14397267133799624,0
6.706486947155876,0.15004866469398426,6.042368290602399,0.2464097922664123,0
113.9779369742633,0.32467592689006,43.10703544755467,0.14997103488851132,0
152.4917371481381,0.7373570773877997,23.834687577552895,0.298040977619153,0
175.3531273523499,0.47601812936876653,10.885198235080013,0.2169219614276221,0
68.4163497431815,0.37588828514576933,22.52716070196184,0.08220276453943937,0
164.25146093440256,0.3944762785700353,30.582914973079852,0.05829153727784836,0
22.126347391041445,0.45944676840598664,3.4307648088104017,0.2733478410360651,0
169.29045834690365,0.7850165438370569,12.36167167715514,0.4512065166430517,0
25.497732466396485,0.8920846889402344,36.313447089779714,0.17197884327884277,0
79.45745811207345,0.9553346865039283,20.684919168119755,0.3665000536113116,0
159.45907315591072,0.7869033862552951,24.595971391453272,0.3293306774698835,0
29.983485469754754,0.31540689574801273,19.476720099426117,0.4657774571547405,0
45.8502790465283,0.6881347060865421,1.9754974189352303,0.41049050864957043,0
144.45051367861325,0.4376031240553919,7.458740091907017,0.2833026294527315,0
144.00730730921487,0.2546706220460512,20.04937374338509,0.32851524911705365,0
128.22952657705946,0.8408715794259226,9.413345943356752,0.44919323329201744,0
138.78968889342,0.038426348962324997,2.249056289685543,0.1997593922934674,0
108.54488866951924,0.9017619921354235,37.964234882332065,0.16339735292888868,0
50.35981178139055,0.46147746462473416,44.15366381238521,0.0054055418175981695,0
69.1391987007839,0.6372014768082804,35.69142932985328,0.4132755370957321,0
36.31954336028513,0.6593539222057827,38.420321476710015,0.40049035020168244,0
181.69011226672566,0.8951177407065364,10.888970864267042,0.05222725905007569,0
116.67835895322409,0.6366696821672073,43.22821389809399,0.2884286905663501,0
80.17028335272798,0.6139335847600618,8.861656700404277,0.2319908490834437,0
92.40116072882654,0.06665204056068996,42.81434146628245,0.05935454775455573,0
189.45666792236307,0.5184080219452041,44.7668682284678,0.4902841135303618,0
30.67028062321604,0.15016900081704165,32.027526258572195,0.10734794373167772,0
117.24596640335945,0.7374337687214856,44.15146793063199,0.03361709004528057,0
101.1777357768932,0.5122219208126745,25.629290080519667,0.2974236897509548,0
122.29084708692956,0.6802277792083533,11.679380242924065,0.36943333856651633,0
3.6220367641681017,0.041672900602384266,19.66481485495294,0.01622172302359348,0
174.4247817888303,0.08479201604580322,26.71024209204537,0.3293588193635111,0
186.4236564967225,0.7163233880626823,3.2886702912156744,0.2661459379757272,0
113.02663671784178,0.07208433599867337,28.005446907776076,0.05163250443752421,0
139.33016477537845,0.0712567277652586,44.15300265430325,0.08626193847318103,0
184.49987623545914,0.01210847523488745,8.554844240267743,0.28398714865804026,0
141.44772686267973,0.9565013982994801,35.666780232977246,0.1481788067566442,0
30.50780858285227,0.737508359459007,40.85544572008287,0.46915786432565804,0
115.25767203336264,0.35325140850206416,42.466571676909936,0.4093701147420254,0
121.34300927657118,0.2965355812876552,43.20610219824513,0.4917836032568315,0
84.8261342604772,0.34970322974584955,23.465683742466236,0.129835419475207,0
147.28884712494457,0.7746535311811819,43.97885585961767,0.4848618163989885,1
186.87340295380298,0.6613706110704144,34.07895932104975,0.21561693489577893,0
185.11370258135526,0.18519556786746794,7.275214630663285,0.1737593976568773,0
90.16787428082642,0.17410933533408435,21.46050479105865,0.02517476348467662,0
22.64760916815105,0.09839564971339732,32.32490289174018,0.02638262892980131,0
196.9682397924669,0.6603027197013381,11.13031421185875,0.34600562797332735,0
167.77961728918683,0.7643726622217359,28.82768325969993,0.22896449721701395,0
24.93253624065337,0.265046428325004,29.997021557097867,0.11326081301805285,0
184.16837652347448,0.020944961030912812,7.321488471385465,0.3069851531626163,0
173.97927241242564,0.08217166747642735,25.42883906037403,0.1264290591250556,0
103.76761142521443,0.9678600348450305,34.723210994037345,0.2888158771722113,1
118.25508714898585,0.29544477747742026,22.450304904117388,0.17960437349134517,0
79.80054077402605,0.7692231478381336,0.5446402549248341,0.4117761133059095,0
10.952327764406267,0.6246635688542638,0.406731108568148,0.41034808038338966,0
67.03944832918019,0.3819396396528959,16.06632047865055,0.23867519906120066,0
160.57068971960229,0.2056872621955551,41.67873307943019,0.1754095546675078,0
0.9264046009205718,0.12138641815940643,10.290455082162394,0.18127989827954727,0
66.69983433822884,0.6150129680388666,28.546365999225923,0.40285726283410894,0
79.63373871818867,0.774633780637788,9.993414181199427,0.164089741398806,0
107.47912058758457,0.6439042535411307,14.475149534679689,0.10452968685342301,0
183.9711232825521,0.5303021332491583,38.161894032066776,0.042344170937653414,0
69.26919887319225,0.041951223431636264,32.79876490214761,0.2333465604422042,0
69.39064037924554,0.9684887775943838,4.292967479094479,0.24106604945992094,0
147.50024962194968,0.7987141916545746,19.29159094438951,0.4204543552014536,0
90.44358817796143,0.29282203670096474,1.312639364036901,0.11061934822303199,0
44.920964587996394,0.9799703293588506,21.640056597135406,0.19049563683419996,0
90.48790322653868,0.6018815896363221,29.809530526548063,0.40420286944684547,0
28.17140407595997,0.5824226582072465,5.33261806191682,0.41181180537448675,0
35.27739730124466,0.7480731794295321,12.999822250912455,0.1923055379893841,0
99.67355454789595,0.8117697880901376,17.902648147597063,0.22956201164334045,0
83.78508990090958,0.6564786073315027,41.37889610952224,0.15164294542464146,0
182.96918021362,0.12809574636620003,44.69647569403338,0.46627743920965603,0
72.47877982332662,0.3382675059944984,2.0210084548027134,0.059321882870790155,0
116.11767005560868,0.9280836403260497,34.245356557292645,0.466874711500735,1
126.45285758390608,0.22461561184385193,16.727582988105446,0.3419332259176716,0
2.6188913176667272,0.3721670238375133,17.6606183803266,0.2657860763433656,0
132.70747440334213,0.432076882944196,33.941923800616024,0.016329530392247937,0
35.60719337395029,0.4394049896944522,41.32918944654339,0.23779809591100415,0
192.21406349389102,0.6129395824945255,42.79178675261468,0.20387405250136614,0
29.73254555062259,0.9430758377447076,25.970516371724436,0.08060940598756128,0
82.92482474540475,0.24069271183250496,16.07045216852263,0.32820480175032846,0
17.06993361572877,0.12150137630091806,35.439708863645066,0.4855754536841429,0
199.37485036918946,0.19747048985993731,11.295062246803512,0.28109440553226256,0
100.43900206624852,0.8869249002092695,25.3833312975083,0.3573766382219729,0
119.07700346400875,0.645810812655206,16.136030768619293,0.03422522628300839,0
13.415295477685497,0.28590678923916013,29.548398316854424,0.20883349790849737,0
149.99209407983557,0.8159469389686173,10.817951080207811,0.058179242582247936,0
41.981118619117154,0.861369996363436,8.62168255806716,0.3063979177682552,0
179.61085788814276,0.846514338690278,41.320758900394665,0.4692410791070773,1
41.02792809640143,0.9189265336395545,4.58116573272916,0.33088886623581926,0
38.13754413273331,0.2522410201733616,22.768105848071926,0.038401524157210765,0
7.309933569618976,0.7550419287462783,9.938375233335401,0.17733310249254142,0
94.41338902199985,0.46053949727414,1.7518483496550352,0.27533168972042577,0
112.96822665252328,0.8419985528900615,1.6208468231141877,0.2016038780666261,0
13.141727885670473,0.7284906771616132,7.88497974476223,0.41682200523758617,0
155.1055233390021,0.7764474464997246,39.00466595277001,0.4073355023549946,1
90.65776694960552,0.6561618376810715,12.711543478966199,0.3059155100516107,0
104.87805386551601,0.17742876946970687,42.77066267588831,0.18672897256635262,0
88.15254938764564,0.5450269188969383,26.17300318451371,0.12766818688162207,0
80.1526121750652,0.9846697395245082,19.647638539594475,0.05293715910656466,0
111.92806626164358,0.9373880664971189,26.103997560125457,0.17744884174327702,0
31.0480491861425,0.04317373579701167,23.25142733518205,0.20658625860385976,0
36.38562609905422,0.16481481572943713,34.14493141907963,0.3379114625520368,0
172.35712420270346,0.1317287734545619,12.712322968778352,0.32907991214878674,0
189.22309242672654,0.7259799099852955,15.887267622013606,0.035054069820628475,0
74.66186325595059,0.8177853298569451,40.234243613996284,0.1976296577155789,0
54.148934628710755,0.2135113663106719,42.59054309176825,0.09088943360868096,0
128.79990864780316,0.505852692951829,40.165120236891354,0.07840635265840284,0
81.74683421961927,0.8407030280112,18.87515972807911,0.41365107486862296,0
5.077271132068972,0.7328015447662506,35.116447635309676,0.020957608358128765,0
31.230519473238072,0.5422372054918483,21.435107998549444,0.20959143795106067,0
143.1944457694795,0.5903476904587729,22.389293346574597,0.0841018278832591,0
131.78478838203029,0.50836054691628,9.210604907577778,0.439665107839237,0
5.419198500696698,0.2975484513188206,26.60086364663324,0.27852025663751756,0
44.39443238658989,0.5650219928590161,8.376115398900657,0.11569031818842401,0
46.21495931761428,0.6888853020500907,14.92041145802372,0.2512136435831882,0
134.37854871974568,0.8733229158608077,38.47635907289708,0.3657431798515579,1
3.942107550872831,0.6362913539792481,9.318411414488486,0.4790590044597169,0
20.82171639691477,0.761121537043158,3.2021228328044766,0.11022300212270947,0
159.98321707463788,0.160071634954573,3.1053416675767336,0.44309088606467256,0
35.70893241086672,0.4615574744197899,42.33530342263985,0.46715205708374513,0
130.54922157037495,0.009331619827093296,22.811419708282557,0.4582102722660331,0
47.6365562093453,0.24667886452162302,18.423543231765827,0.3177071784309549,0
19.888278551869032,0.7264617151130048,36.48953614535633,0.31491032721735385,0
48.634438199890816,0.9918099513493635,37.61216675597322,0.2016053165919114,0
144.45338637113184,0.0991780995872159,14.948596490202208,0.37619894115189395,0
171.13929362125714,0.40149431586128825,31.212812586320787,0.26564700917546596,0
166.0439729133983,0.8000709686991595,34.700526713334895,0.33871903561414723,1
79.43670592369097,0.20403563462889884,29.459280908967955,0.21422895192439773,0
133.61702731412925,0.5550849493022862,6.821778366004471,0.36574823202156953,0
40.996859083164196,0.7330712960296748,39.41473875826757,0.41223575880227453,0
58.629546052202656,0.615985450260179,24.25925487312039,0.07321812830140806,0
179.26716370422395,0.18802473461541613,12.711259186650166,0.416464857787114,0
2.600384702147207,0.3553845686857394,19.135268344696225,0.2701482658951536,0
17.101706170893614,0.7837917844853972,1.690699067950832,0.42233295454511216,0
41.57725102920546,0.5542265141320166,5.75400605500879,0.2156508531705073,0
5.306440774763943,0.005229613542912737,34.44960377321374,0.18952024269151752,0
36.287087017959465,0.7609907600280938,0.0005235639914763501,0.4575303662586112,0
116.60831219393843,0.03531135494023907,18.745462281703148,0.12558463377420065,0
84.2849101184996,0.7457337827312321,23.51295814885148,0.42210616264307155,0
178.53434221539496,0.2024805601652374,2.4585489000437533,0.24201028625470206,0
163.4887123476882,0.9580734801193802,43.78851733375498,0.25704772127562986,1
68.3634703395752,0.3679407513020845,10.175639906235237,0.154234140744742,0
51.8846866862585,0.3269316163380791,13.68894238363264,0.28652110030950784,0
75.93848163345338,0.14888805033244468,13.677413051476229,0.16260559813810566,0
118.05898850296155,0.3056042154902149,10.368749795280745,0.019634707120826156,0
53.61272816457525,0.8766507618282006,0.06632199388401372,0.13599930267217802,0
124.8297815698268,0.9963343376272473,32.82051573395984,0.0031895217032953393,0
81.88233043824809,0.36830953050684834,43.50804749096784,0.4891773935284283,0
110.40943617039605,0.44861063095454257,10.093206747827027,0.48287360490987374,0
87.22530582706334,0.722070938202737,29.837123631154007,0.19757764873615252,0
58.89315190838354,0.8861957804650745,33.38533471314218,0.364185427169823,0
189.69066139243134,0.5930443341867842,38.17914205907361,0.1729030492052125,0
152.72115883195215,0.39152569817782934,19.01831386561241,0.335546578542988,0
28.02263515329051,0.41262184084862374,13.631890753819317,0.40271502152298955,0
173.69359517958256,0.6956181464968069,14.638281031036401,0.47337812234612037,0
97.48623964990273,0.0032182636042786816,32.06795998943308,0.200106137924836,0
178.91044537881828,0.6195893374598407,36.755075992753625,0.39164899147802384,0
159.97105118946305,0.3554930104413574,8.17262854904712,0.1329642253160594,0
85.04270089384669,0.7941973312770843,16.692345367099435,0.49516615189682417,0
4.49386166402348,0.09299063982313216,40.587308853711754,0.012884799382175571,0
53.735471876989216,0.5882022669483905,36.30120838626326,0.3017644032505605,0
108.32684293217338,0.48097288988612374,44.31862812431141,0.32975299082566356,0
126.69564396522945,0.6423255259052274,33.94117168569363,0.3440227785370644,0
51.577537086640454,0.06485359448296835,17.693784046256503,0.060193789394544506,0
27.871214814564826,0.5799837874281313,26.5787025297587,0.4692648917365652,0
166.9860473598598,0.5614845879595237,29.745641441129415,0.0905916395250414,0
196.88043614071043,0.5606600944161709,3.530511734270578,0.31137670161992054,0
105.13803646053717,0.6034876665964548,24.50236315967393,0.11133803956154248,0
34.3358571696607,0.6764679372263622,31.91943728126743,0.15360820851063545,0
54.461465303873794,0.8049889996807698,7.529458680047717,0.2732292708640622,0
3.6781353094933467,0.26982072012821434,35.12842728415007,0.20859670928228824,0
182.8597613120998,0.8250494101800621,26.269775123135023,0.08011280048825314,0
23.550216578028227,0.4982556822634536,42.84998035639176,0.08546820121042414,0
115.30329510285071,0.07705827913433116,1.9090034193101264,0.20907239408139983,0
54.8110441374412,0.0585509292439792,11.939676189996014,0.37864148913775036,0
110.83560050315869,0.3342383186960608,27.069924568492084,0.44898232342389427,0
130.28407767037285,0.7848969771114676,13.345196049266882,0.04206383112969142,0
165.94836074144033,0.7076809347409158,32.1490873832059,0.19655195377970053,0
41.28425435212064,0.7886149646724064,34.1552377134869,0.050122781861438315,0
2.1991657316960955,0.5172690564416094,4.6132183829913505,0.008296240316298942,0
27.377126013761455,0.44019899795549056,23.123450889304547,0.3308593413219783,0
180.00372836962103,0.14745252670628395,22.900075001597514,0.3012247209832939,0
174.77801551250306,0.32819275360931155,16.61763465969935,0.0815095569074431,0
119.48262043406166,0.43401936617387527,41.981618815635244,0.11690641654653205,0
120.10337208673067,0.08860042967961723,37.237784394294955,0.01185387682225919,0
133.00733490925109,0.22061195271121126,31.374422185933653,0.41747360284720186,0
35.07425572468992,0.5982252940637388,32.14469860807489,0.48734529802427573,0
182.88238918499195,0.7356631142391898,20.77722647159036,0.0677297683973454,0
83.75410497841462,0.9983475113929496,41.44475344934592,0.11573760688264906,0
76.6277056498995,0.9331133313435577,31.256794226397844,0.434204761973467,0
103.78354105656751,0.6425651995351915,32.80414777451174,0.4632318989780924,0
9.39319335501101,0.421248053294072,38.776090670430534,0.20981369140340517,0
33.256673751215885,0.6361773647082327,12.333221520398595,0.025311236134537063,0
147.6067232852741,0.785651618080232,36.318190674001634,0.0196959168464097,0
16.559733585025292,0.11833619092338732,8.785827133042142,0.2869749330345052,0
120.63042189327764,0.40990488969628824,15.540387851019952,0.1964475544465895,0
49.06982193626419,0.8398022856356172,15.102470442142922,0.014326213788827258,0
77.85912280839531,0.383832951933044,44.03364607751133,0.2916261961562784,0
57.738747354139974,0.5718722712271865,38.544175068656706,0.005651268294511236,0
71.13454329298983,0.5877693608621982,31.552643771561687,0.3936859790746365,0
143.8091810368491,0.18447625313363936,32.71755427269255,0.1532164113516858,0
59.424343124635,0.3622354416522884,25.293275748115697,0.02012900150461605,0
113.28092805937943,0.33451128874193214,42.619080019883356,0.29417611049157666,0
95.21008043981993,0.026196708532064794,22.33164387970627,0.19884220721652734,0
132.73423307252963,0.024191763891355245,17.123296944145252,0.48690020667857475,0
187.3659478649516,0.8316970436757735,7.336590161921595,0.2720993312518511,0
146.51441944205007,0.2730708099728124,35.37925435174761,0.13761959051850414,0
42.98807571815135,0.5180787662388154,33.04997694340162,0.3547194323169874,0
6.2366270122569345,0.29872557358877305,17.29597673358607,0.13574600127135567,0
52.45280885996502,0.9406792451153405,1.1337036281653212,0.45212164570378255,0
119.01558614005097,0.25929675886577375,37.75487974731048,0.18736098525368822,0
10.285162696850069,0.4296568127389351,0.5138092554333135,0.2749342813881026,0
99.27324944024727,0.8727302504846018,31.66649008330729,0.02528655191211443,0
119.36856978337784,0.8419335667918086,43.66156993767257,0.2130606189761154,1
66.84877816339217,0.18610141784627732,19.694759766669154,0.4161817698304975,0
154.18244074916439,0.8026433097957104,10.573803224817874,0.40282440268167097,0
21.31965062675436,0.45818688673789265,31.719195451952178,0.11215927942676313,0
15.027556347161752,0.4829688720853552,36.77076639070133,0.11303953550528134,0
145.63775124072066,0.13347997241594378,24.58936422350313,0.4086526561066184,0
99.09826324123969,0.08060151375712465,43.51658738652658,0.46519921008466275,0
137.68047928554722,0.7279393069737652,2.3250924746082497,0.047680460636501776,0
86.96546772074925,0.49646115235529975,22.715801923703765,0.22502931971311263,0
49.280406647821366,0.43685070261517955,32.33042762951475,0.16872713948211449,0
163.82046353483994,0.7295082286523967,38.81882120171306,0.43534422772871967,1
159.88317579379586,0.7655128989911097,8.066502535850551,0.041762457340009385,0
138.93929417088535,0.15890816766935356,36.000156679365666,0.1055629712790187,0
54.42902744599254,0.6102251494776413,24.871818407334537,0.37623416879324717,0
118.04613337381741,0.13535408227768553,17.844915689548344,0.025646924490607792,0
72.19477938800536,0.7513750860290457,5.92717628605921,0.24626769035714463,0
18.316414665326832,0.6569551562671395,38.938309150901055,0.22105351733986,0
183.46271509244855,0.956614621083458,7.077294368087191,0.16720058949437433,0
27.36372618379228,0.06895801635642118,13.940453664409466,0.1972861576594619,0
190.0474707641605,0.05705472115125432,13.05204893830966,0.26497029346511647,0
89.20115459159115,0.28218707469320015,39.213631538588444,0.08068367919419156,0
